Iteration,Capital,Final Reserve,Min Bound,Max Bound,Year,Reserve,Asset Yield,Liability Benefit
1,650000000,-815169184.2944169,0.0,1100000000,0,650000000.0,,
1,650000000,-815169184.2944169,0.0,1100000000,1,619203228.9672728,0.03,50296771.0327273
1,650000000,-815169184.2944169,0.0,1100000000,2,587482554.8035636,0.03,50296771.03272731
1,650000000,-815169184.2944169,0.0,1100000000,3,554810260.4149432,0.03,50296771.03272728
1,650000000,-815169184.2944169,0.0,1100000000,4,521157797.19466424,0.03,50296771.03272733
1,650000000,-815169184.2944169,0.0,1100000000,5,486495760.07777685,0.03,50296771.03272731
1,650000000,-815169184.2944169,0.0,1100000000,6,450793861.8473829,0.03,50296771.032727286
1,650000000,-815169184.2944169,0.0,1100000000,7,414020906.670077,0.03,50296771.032727316
1,650000000,-815169184.2944169,0.0,1100000000,8,376144762.837452,0.03,50296771.032727264
1,650000000,-815169184.2944169,0.0,1100000000,9,337132334.6898483,0.03,50296771.03272729
1,650000000,-815169184.2944169,0.0,1100000000,10,296949533.6978165,0.03,50296771.0327273
1,650000000,-815169184.2944169,0.0,1100000000,11,255561248.6760236,0.03,50296771.03272727
1,650000000,-815169184.2944169,0.0,1100000000,12,212931315.10357702,0.03,50296771.03272731
1,650000000,-815169184.2944169,0.0,1100000000,13,169022483.52395713,0.03,50296771.03272733
1,650000000,-815169184.2944169,0.0,1100000000,14,123796386.99694848,0.03,50296771.0327273
1,650000000,-815169184.2944169,0.0,1100000000,15,77213507.5741297,0.03,50296771.032727286
1,650000000,-815169184.2944169,0.0,1100000000,16,29233141.768626332,0.03,50296771.032727264
1,650000000,-815169184.2944169,0.0,1100000000,17,-20186635.011042118,0.03,50296771.03272727
1,650000000,-815169184.2944169,0.0,1100000000,18,-71089005.09410071,0.03,50296771.03272727
1,650000000,-815169184.2944169,0.0,1100000000,19,-123518446.27965117,0.03,50296771.03272728
1,650000000,-815169184.2944169,0.0,1100000000,20,-177520770.700768,0.03,50296771.03272734
1,650000000,-815169184.2944169,0.0,1100000000,21,-233143164.8545184,0.03,50296771.03272727
1,650000000,-815169184.2944169,0.0,1100000000,22,-290434230.832881,0.03,50296771.03272732
1,650000000,-815169184.2944169,0.0,1100000000,23,-349444028.7905946,0.03,50296771.0327273
1,650000000,-815169184.2944169,0.0,1100000000,24,-410224120.68703985,0.03,50296771.03272732
1,650000000,-815169184.2944169,0.0,1100000000,25,-472827615.3403783,0.03,50296771.032727264
1,650000000,-815169184.2944169,0.0,1100000000,26,-537309214.8333168,0.03,50296771.032727316
1,650000000,-815169184.2944169,0.0,1100000000,27,-603725262.3110437,0.03,50296771.0327273
1,650000000,-815169184.2944169,0.0,1100000000,28,-672133791.2131026,0.03,50296771.03272731
1,650000000,-815169184.2944169,0.0,1100000000,29,-742594575.9822226,0.03,50296771.0327273
1,650000000,-815169184.2944169,0.0,1100000000,30,-815169184.2944169,0.03,50296771.0327273
2,875000000.0,-269035128.2767427,650000000,1100000000,0,875000000.0,,
2,875000000.0,-269035128.2767427,650000000,1100000000,1,850953228.9672728,0.03,50296771.0327273
2,875000000.0,-269035128.2767427,650000000,1100000000,2,826185054.8035636,0.03,50296771.03272731
2,875000000.0,-269035128.2767427,650000000,1100000000,3,800673835.4149432,0.03,50296771.03272728
2,875000000.0,-269035128.2767427,650000000,1100000000,4,774397279.4446642,0.03,50296771.03272733
2,875000000.0,-269035128.2767427,650000000,1100000000,5,747332426.7952769,0.03,50296771.03272731
2,875000000.0,-269035128.2767427,650000000,1100000000,6,719455628.5664079,0.03,50296771.032727286
2,875000000.0,-269035128.2767427,650000000,1100000000,7,690742526.3906727,0.03,50296771.032727316
2,875000000.0,-269035128.2767427,650000000,1100000000,8,661168031.1496656,0.03,50296771.032727264
2,875000000.0,-269035128.2767427,650000000,1100000000,9,630706301.0514284,0.03,50296771.03272729
2,875000000.0,-269035128.2767427,650000000,1100000000,10,599330719.050244,0.03,50296771.0327273
2,875000000.0,-269035128.2767427,650000000,1100000000,11,567013869.589024,0.03,50296771.03272727
2,875000000.0,-269035128.2767427,650000000,1100000000,12,533727514.6439675,0.03,50296771.03272731
2,875000000.0,-269035128.2767427,650000000,1100000000,13,499442569.05055916,0.03,50296771.03272733
2,875000000.0,-269035128.2767427,650000000,1100000000,14,464129075.08934855,0.03,50296771.0327273
2,875000000.0,-269035128.2767427,650000000,1100000000,15,427756176.30930185,0.03,50296771.032727286
2,875000000.0,-269035128.2767427,650000000,1100000000,16,390292090.5658537,0.03,50296771.032727264
2,875000000.0,-269035128.2767427,650000000,1100000000,17,351704082.25010204,0.03,50296771.03272727
2,875000000.0,-269035128.2767427,650000000,1100000000,18,311958433.6848779,0.03,50296771.03272727
2,875000000.0,-269035128.2767427,650000000,1100000000,19,271020415.66269684,0.03,50296771.03272728
2,875000000.0,-269035128.2767427,650000000,1100000000,20,228854257.09985042,0.03,50296771.03272734
2,875000000.0,-269035128.2767427,650000000,1100000000,21,185423113.7801187,0.03,50296771.03272727
2,875000000.0,-269035128.2767427,650000000,1100000000,22,140689036.16079497,0.03,50296771.03272732
2,875000000.0,-269035128.2767427,650000000,1100000000,23,94612936.21289182,0.03,50296771.0327273
2,875000000.0,-269035128.2767427,650000000,1100000000,24,47154553.266551256,0.03,50296771.03272732
2,875000000.0,-269035128.2767427,650000000,1100000000,25,-1727581.168179512,0.03,50296771.032727264
2,875000000.0,-269035128.2767427,650000000,1100000000,26,-52076179.635952234,0.03,50296771.032727316
2,875000000.0,-269035128.2767427,650000000,1100000000,27,-103935236.0577581,0.03,50296771.0327273
2,875000000.0,-269035128.2767427,650000000,1100000000,28,-157350064.17221832,0.03,50296771.03272731
2,875000000.0,-269035128.2767427,650000000,1100000000,29,-212367337.1301117,0.03,50296771.0327273
2,875000000.0,-269035128.2767427,650000000,1100000000,30,-269035128.2767427,0.03,50296771.0327273
3,987500000.0,4031899.732094288,875000000.0,1100000000,0,987500000.0,,
3,987500000.0,4031899.732094288,875000000.0,1100000000,1,966828228.9672728,0.03,50296771.0327273
3,987500000.0,4031899.732094288,875000000.0,1100000000,2,945536304.8035636,0.03,50296771.03272731
3,987500000.0,4031899.732094288,875000000.0,1100000000,3,923605622.9149432,0.03,50296771.03272728
3,987500000.0,4031899.732094288,875000000.0,1100000000,4,901017020.5696644,0.03,50296771.03272733
3,987500000.0,4031899.732094288,875000000.0,1100000000,5,877750760.154027,0.03,50296771.03272731
3,987500000.0,4031899.732094288,875000000.0,1100000000,6,853786511.9259205,0.03,50296771.032727286
3,987500000.0,4031899.732094288,875000000.0,1100000000,7,829103336.2509706,0.03,50296771.032727316
3,987500000.0,4031899.732094288,875000000.0,1100000000,8,803679665.3057725,0.03,50296771.032727264
3,987500000.0,4031899.732094288,875000000.0,1100000000,9,777493284.2322184,0.03,50296771.03272729
3,987500000.0,4031899.732094288,875000000.0,1100000000,10,750521311.7264577,0.03,50296771.0327273
3,987500000.0,4031899.732094288,875000000.0,1100000000,11,722740180.0455242,0.03,50296771.03272727
3,987500000.0,4031899.732094288,875000000.0,1100000000,12,694125614.4141625,0.03,50296771.03272731
3,987500000.0,4031899.732094288,875000000.0,1100000000,13,664652611.8138603,0.03,50296771.03272733
3,987500000.0,4031899.732094288,875000000.0,1100000000,14,634295419.1355488,0.03,50296771.0327273
3,987500000.0,4031899.732094288,875000000.0,1100000000,15,603027510.676888,0.03,50296771.032727286
3,987500000.0,4031899.732094288,875000000.0,1100000000,16,570821564.9644674,0.03,50296771.032727264
3,987500000.0,4031899.732094288,875000000.0,1100000000,17,537649440.8806741,0.03,50296771.03272727
3,987500000.0,4031899.732094288,875000000.0,1100000000,18,503482153.07436705,0.03,50296771.03272727
3,987500000.0,4031899.732094288,875000000.0,1100000000,19,468289846.63387084,0.03,50296771.03272728
3,987500000.0,4031899.732094288,875000000.0,1100000000,20,432041771.0001595,0.03,50296771.03272734
3,987500000.0,4031899.732094288,875000000.0,1100000000,21,394706253.09743714,0.03,50296771.03272727
3,987500000.0,4031899.732094288,875000000.0,1100000000,22,356250669.65763307,0.03,50296771.03272732
3,987500000.0,4031899.732094288,875000000.0,1100000000,23,316641418.7146349,0.03,50296771.0327273
3,987500000.0,4031899.732094288,875000000.0,1100000000,24,275843890.2433467,0.03,50296771.03272732
3,987500000.0,4031899.732094288,875000000.0,1100000000,25,233822435.91791987,0.03,50296771.032727264
3,987500000.0,4031899.732094288,875000000.0,1100000000,26,190540337.96273017,0.03,50296771.032727316
3,987500000.0,4031899.732094288,875000000.0,1100000000,27,145959777.06888485,0.03,50296771.0327273
3,987500000.0,4031899.732094288,875000000.0,1100000000,28,100041799.34822369,0.03,50296771.03272731
3,987500000.0,4031899.732094288,875000000.0,1100000000,29,52746282.29594374,0.03,50296771.0327273
3,987500000.0,4031899.732094288,875000000.0,1100000000,30,4031899.732094288,0.03,50296771.0327273
4,931250000.0,-132501614.27232409,875000000.0,987500000.0,0,931250000.0,,
4,931250000.0,-132501614.27232409,875000000.0,987500000.0,1,908890728.9672728,0.03,50296771.0327273
4,931250000.0,-132501614.27232409,875000000.0,987500000.0,2,885860679.8035636,0.03,50296771.03272731
4,931250000.0,-132501614.27232409,875000000.0,987500000.0,3,862139729.1649432,0.03,50296771.03272728
4,931250000.0,-132501614.27232409,875000000.0,987500000.0,4,837707150.0071642,0.03,50296771.03272733
4,931250000.0,-132501614.27232409,875000000.0,987500000.0,5,812541593.4746518,0.03,50296771.03272731
4,931250000.0,-132501614.27232409,875000000.0,987500000.0,6,786621070.2461641,0.03,50296771.032727286
4,931250000.0,-132501614.27232409,875000000.0,987500000.0,7,759922931.3208218,0.03,50296771.032727316
4,931250000.0,-132501614.27232409,875000000.0,987500000.0,8,732423848.2277191,0.03,50296771.032727264
4,931250000.0,-132501614.27232409,875000000.0,987500000.0,9,704099792.6418234,0.03,50296771.03272729
4,931250000.0,-132501614.27232409,875000000.0,987500000.0,10,674926015.3883508,0.03,50296771.0327273
4,931250000.0,-132501614.27232409,875000000.0,987500000.0,11,644877024.817274,0.03,50296771.03272727
4,931250000.0,-132501614.27232409,875000000.0,987500000.0,12,613926564.529065,0.03,50296771.03272731
4,931250000.0,-132501614.27232409,875000000.0,987500000.0,13,582047590.4322096,0.03,50296771.03272733
4,931250000.0,-132501614.27232409,875000000.0,987500000.0,14,549212247.1124487,0.03,50296771.0327273
4,931250000.0,-132501614.27232409,875000000.0,987500000.0,15,515391843.4930949,0.03,50296771.032727286
4,931250000.0,-132501614.27232409,875000000.0,987500000.0,16,480556827.7651607,0.03,50296771.032727264
4,931250000.0,-132501614.27232409,875000000.0,987500000.0,17,444676761.5653882,0.03,50296771.03272727
4,931250000.0,-132501614.27232409,875000000.0,987500000.0,18,407720293.37962246,0.03,50296771.03272727
4,931250000.0,-132501614.27232409,875000000.0,987500000.0,19,369655131.1482837,0.03,50296771.03272728
4,931250000.0,-132501614.27232409,875000000.0,987500000.0,20,330448014.05000496,0.03,50296771.03272734
4,931250000.0,-132501614.27232409,875000000.0,987500000.0,21,290064683.4387779,0.03,50296771.03272727
4,931250000.0,-132501614.27232409,875000000.0,987500000.0,22,248469852.90921402,0.03,50296771.03272732
4,931250000.0,-132501614.27232409,875000000.0,987500000.0,23,205627177.46376348,0.03,50296771.0327273
4,931250000.0,-132501614.27232409,875000000.0,987500000.0,24,161499221.75494885,0.03,50296771.03272732
4,931250000.0,-132501614.27232409,875000000.0,987500000.0,25,116047427.37487006,0.03,50296771.032727264
4,931250000.0,-132501614.27232409,875000000.0,987500000.0,26,69232079.16338897,0.03,50296771.032727316
4,931250000.0,-132501614.27232409,875000000.0,987500000.0,27,21012270.505563498,0.03,50296771.0327273
4,931250000.0,-132501614.27232409,875000000.0,987500000.0,28,-28654132.41199732,0.03,50296771.03272731
4,931250000.0,-132501614.27232409,875000000.0,987500000.0,29,-79810527.41708422,0.03,50296771.0327273
4,931250000.0,-132501614.27232409,875000000.0,987500000.0,30,-132501614.27232409,0.03,50296771.0327273
5,959375000.0,-64234857.2701149,931250000.0,987500000.0,0,959375000.0,,
5,959375000.0,-64234857.2701149,931250000.0,987500000.0,1,937859478.9672728,0.03,50296771.0327273
5,959375000.0,-64234857.2701149,931250000.0,987500000.0,2,915698492.3035636,0.03,50296771.03272731
5,959375000.0,-64234857.2701149,931250000.0,987500000.0,3,892872676.0399432,0.03,50296771.03272728
5,959375000.0,-64234857.2701149,931250000.0,987500000.0,4,869362085.2884144,0.03,50296771.03272733
5,959375000.0,-64234857.2701149,931250000.0,987500000.0,5,845146176.8143394,0.03,50296771.03272731
5,959375000.0,-64234857.2701149,931250000.0,987500000.0,6,820203791.0860424,0.03,50296771.032727286
5,959375000.0,-64234857.2701149,931250000.0,987500000.0,7,794513133.7858963,0.03,50296771.032727316
5,959375000.0,-64234857.2701149,931250000.0,987500000.0,8,768051756.7667458,0.03,50296771.032727264
5,959375000.0,-64234857.2701149,931250000.0,987500000.0,9,740796538.4370209,0.03,50296771.03272729
5,959375000.0,-64234857.2701149,931250000.0,987500000.0,10,712723663.5574044,0.03,50296771.0327273
5,959375000.0,-64234857.2701149,931250000.0,987500000.0,11,683808602.431399,0.03,50296771.03272727
5,959375000.0,-64234857.2701149,931250000.0,987500000.0,12,654026089.4716138,0.03,50296771.03272731
5,959375000.0,-64234857.2701149,931250000.0,987500000.0,13,623350101.1230351,0.03,50296771.03272733
5,959375000.0,-64234857.2701149,931250000.0,987500000.0,14,591753833.1239986,0.03,50296771.0327273
5,959375000.0,-64234857.2701149,931250000.0,987500000.0,15,559209677.0849915,0.03,50296771.032727286
5,959375000.0,-64234857.2701149,931250000.0,987500000.0,16,525689196.3648139,0.03,50296771.032727264
5,959375000.0,-64234857.2701149,931250000.0,987500000.0,17,491163101.2230313,0.03,50296771.03272727
5,959375000.0,-64234857.2701149,931250000.0,987500000.0,18,455601223.22699475,0.03,50296771.03272727
5,959375000.0,-64234857.2701149,931250000.0,987500000.0,19,418972488.8910773,0.03,50296771.03272728
5,959375000.0,-64234857.2701149,931250000.0,987500000.0,20,381244892.52508235,0.03,50296771.03272734
5,959375000.0,-64234857.2701149,931250000.0,987500000.0,21,342385468.2681074,0.03,50296771.03272727
5,959375000.0,-64234857.2701149,931250000.0,987500000.0,22,302360261.28342366,0.03,50296771.03272732
5,959375000.0,-64234857.2701149,931250000.0,987500000.0,23,261134298.08919907,0.03,50296771.0327273
5,959375000.0,-64234857.2701149,931250000.0,987500000.0,24,218671555.9991479,0.03,50296771.03272732
5,959375000.0,-64234857.2701149,931250000.0,987500000.0,25,174934931.64639497,0.03,50296771.032727264
5,959375000.0,-64234857.2701149,931250000.0,987500000.0,26,129886208.56305957,0.03,50296771.032727316
5,959375000.0,-64234857.2701149,931250000.0,987500000.0,27,83486023.78722405,0.03,50296771.0327273
5,959375000.0,-64234857.2701149,931250000.0,987500000.0,28,35693833.46811342,0.03,50296771.03272731
5,959375000.0,-64234857.2701149,931250000.0,987500000.0,29,-13532122.56057024,0.03,50296771.0327273
5,959375000.0,-64234857.2701149,931250000.0,987500000.0,30,-64234857.2701149,0.03,50296771.0327273
6,973437500.0,-30101478.769010067,959375000.0,987500000.0,0,973437500.0,,
6,973437500.0,-30101478.769010067,959375000.0,987500000.0,1,952343853.9672728,0.03,50296771.0327273
6,973437500.0,-30101478.769010067,959375000.0,987500000.0,2,930617398.5535636,0.03,50296771.03272731
6,973437500.0,-30101478.769010067,959375000.0,987500000.0,3,908239149.4774432,0.03,50296771.03272728
6,973437500.0,-30101478.769010067,959375000.0,987500000.0,4,885189552.9290394,0.03,50296771.03272733
6,973437500.0,-30101478.769010067,959375000.0,987500000.0,5,861448468.4841831,0.03,50296771.03272731
6,973437500.0,-30101478.769010067,959375000.0,987500000.0,6,836995151.5059814,0.03,50296771.032727286
6,973437500.0,-30101478.769010067,959375000.0,987500000.0,7,811808235.0184336,0.03,50296771.032727316
6,973437500.0,-30101478.769010067,959375000.0,987500000.0,8,785865711.0362592,0.03,50296771.032727264
6,973437500.0,-30101478.769010067,959375000.0,987500000.0,9,759144911.3346196,0.03,50296771.03272729
6,973437500.0,-30101478.769010067,959375000.0,987500000.0,10,731622487.6419309,0.03,50296771.0327273
6,973437500.0,-30101478.769010067,959375000.0,987500000.0,11,703274391.2384616,0.03,50296771.03272727
6,973437500.0,-30101478.769010067,959375000.0,987500000.0,12,674075851.9428881,0.03,50296771.03272731
6,973437500.0,-30101478.769010067,959375000.0,987500000.0,13,644001356.4684476,0.03,50296771.03272733
6,973437500.0,-30101478.769010067,959375000.0,987500000.0,14,613024626.1297736,0.03,50296771.0327273
6,973437500.0,-30101478.769010067,959375000.0,987500000.0,15,581118593.8809397,0.03,50296771.032727286
6,973437500.0,-30101478.769010067,959375000.0,987500000.0,16,548255380.6646408,0.03,50296771.032727264
6,973437500.0,-30101478.769010067,959375000.0,987500000.0,17,514406271.0518527,0.03,50296771.03272727
6,973437500.0,-30101478.769010067,959375000.0,987500000.0,18,479541688.1506808,0.03,50296771.03272727
6,973437500.0,-30101478.769010067,959375000.0,987500000.0,19,443631167.76247406,0.03,50296771.03272728
6,973437500.0,-30101478.769010067,959375000.0,987500000.0,20,406643331.7626209,0.03,50296771.03272734
6,973437500.0,-30101478.769010067,959375000.0,987500000.0,21,368545860.6827724,0.03,50296771.03272727
6,973437500.0,-30101478.769010067,959375000.0,987500000.0,22,329305465.47052836,0.03,50296771.03272732
6,973437500.0,-30101478.769010067,959375000.0,987500000.0,23,288887858.401917,0.03,50296771.0327273
6,973437500.0,-30101478.769010067,959375000.0,987500000.0,24,247257723.1212473,0.03,50296771.03272732
6,973437500.0,-30101478.769010067,959375000.0,987500000.0,25,204378683.78215742,0.03,50296771.032727264
6,973437500.0,-30101478.769010067,959375000.0,987500000.0,26,160213273.26289487,0.03,50296771.032727316
6,973437500.0,-30101478.769010067,959375000.0,987500000.0,27,114722900.42805433,0.03,50296771.0327273
6,973437500.0,-30101478.769010067,959375000.0,987500000.0,28,67867816.4081688,0.03,50296771.03272731
6,973437500.0,-30101478.769010067,959375000.0,987500000.0,29,19607079.86768675,0.03,50296771.0327273
6,973437500.0,-30101478.769010067,959375000.0,987500000.0,30,-30101478.769010067,0.03,50296771.0327273
7,980468750.0,-13034789.51845789,973437500.0,987500000.0,0,980468750.0,,
7,980468750.0,-13034789.51845789,973437500.0,987500000.0,1,959586041.4672728,0.03,50296771.0327273
7,980468750.0,-13034789.51845789,973437500.0,987500000.0,2,938076851.6785636,0.03,50296771.03272731
7,980468750.0,-13034789.51845789,973437500.0,987500000.0,3,915922386.1961932,0.03,50296771.03272728
7,980468750.0,-13034789.51845789,973437500.0,987500000.0,4,893103286.7493519,0.03,50296771.03272733
7,980468750.0,-13034789.51845789,973437500.0,987500000.0,5,869599614.3191049,0.03,50296771.03272731
7,980468750.0,-13034789.51845789,973437500.0,987500000.0,6,845390831.715951,0.03,50296771.032727286
7,980468750.0,-13034789.51845789,973437500.0,987500000.0,7,820455785.634702,0.03,50296771.032727316
7,980468750.0,-13034789.51845789,973437500.0,987500000.0,8,794772688.1710157,0.03,50296771.032727264
7,980468750.0,-13034789.51845789,973437500.0,987500000.0,9,768319097.783419,0.03,50296771.03272729
7,980468750.0,-13034789.51845789,973437500.0,987500000.0,10,741071899.6841944,0.03,50296771.0327273
7,980468750.0,-13034789.51845789,973437500.0,987500000.0,11,713007285.6419929,0.03,50296771.03272727
7,980468750.0,-13034789.51845789,973437500.0,987500000.0,12,684100733.1785253,0.03,50296771.03272731
7,980468750.0,-13034789.51845789,973437500.0,987500000.0,13,654326984.1411539,0.03,50296771.03272733
7,980468750.0,-13034789.51845789,973437500.0,987500000.0,14,623660022.6326611,0.03,50296771.0327273
7,980468750.0,-13034789.51845789,973437500.0,987500000.0,15,592073052.278914,0.03,50296771.032727286
7,980468750.0,-13034789.51845789,973437500.0,987500000.0,16,559538472.8145541,0.03,50296771.032727264
7,980468750.0,-13034789.51845789,973437500.0,987500000.0,17,526027855.96626353,0.03,50296771.03272727
7,980468750.0,-13034789.51845789,973437500.0,987500000.0,18,491511920.61252403,0.03,50296771.03272727
7,980468750.0,-13034789.51845789,973437500.0,987500000.0,19,455960507.19817233,0.03,50296771.03272728
7,980468750.0,-13034789.51845789,973437500.0,987500000.0,20,419342551.38139033,0.03,50296771.03272734
7,980468750.0,-13034789.51845789,973437500.0,987500000.0,21,381626056.8901048,0.03,50296771.03272727
7,980468750.0,-13034789.51845789,973437500.0,987500000.0,22,342778067.5640807,0.03,50296771.03272732
7,980468750.0,-13034789.51845789,973437500.0,987500000.0,23,302764638.55827594,0.03,50296771.0327273
7,980468750.0,-13034789.51845789,973437500.0,987500000.0,24,261550806.682297,0.03,50296771.03272732
7,980468750.0,-13034789.51845789,973437500.0,987500000.0,25,219100559.85003853,0.03,50296771.032727264
7,980468750.0,-13034789.51845789,973437500.0,987500000.0,26,175376805.61281252,0.03,50296771.032727316
7,980468750.0,-13034789.51845789,973437500.0,987500000.0,27,130341338.74846983,0.03,50296771.0327273
7,980468750.0,-13034789.51845789,973437500.0,987500000.0,28,83954807.87819624,0.03,50296771.03272731
7,980468750.0,-13034789.51845789,973437500.0,987500000.0,29,36176681.08181524,0.03,50296771.0327273
7,980468750.0,-13034789.51845789,973437500.0,987500000.0,30,-13034789.51845789,0.03,50296771.0327273
8,983984375.0,-4501444.893181801,980468750.0,987500000.0,0,983984375.0,,
8,983984375.0,-4501444.893181801,980468750.0,987500000.0,1,963207135.2172728,0.03,50296771.0327273
8,983984375.0,-4501444.893181801,980468750.0,987500000.0,2,941806578.2410636,0.03,50296771.03272731
8,983984375.0,-4501444.893181801,980468750.0,987500000.0,3,919764004.5555682,0.03,50296771.03272728
8,983984375.0,-4501444.893181801,980468750.0,987500000.0,4,897060153.6595081,0.03,50296771.03272733
8,983984375.0,-4501444.893181801,980468750.0,987500000.0,5,873675187.2365661,0.03,50296771.03272731
8,983984375.0,-4501444.893181801,980468750.0,987500000.0,6,849588671.8209357,0.03,50296771.032727286
8,983984375.0,-4501444.893181801,980468750.0,987500000.0,7,824779560.9428363,0.03,50296771.032727316
8,983984375.0,-4501444.893181801,980468750.0,987500000.0,8,799226176.7383943,0.03,50296771.032727264
8,983984375.0,-4501444.893181801,980468750.0,987500000.0,9,772906191.0078188,0.03,50296771.03272729
8,983984375.0,-4501444.893181801,980468750.0,987500000.0,10,745796605.705326,0.03,50296771.0327273
8,983984375.0,-4501444.893181801,980468750.0,987500000.0,11,717873732.8437585,0.03,50296771.03272727
8,983984375.0,-4501444.893181801,980468750.0,987500000.0,12,689113173.7963439,0.03,50296771.03272731
8,983984375.0,-4501444.893181801,980468750.0,987500000.0,13,659489797.977507,0.03,50296771.03272733
8,983984375.0,-4501444.893181801,980468750.0,987500000.0,14,628977720.884105,0.03,50296771.0327273
8,983984375.0,-4501444.893181801,980468750.0,987500000.0,15,597550281.477901,0.03,50296771.032727286
8,983984375.0,-4501444.893181801,980468750.0,987500000.0,16,565180018.8895108,0.03,50296771.032727264
8,983984375.0,-4501444.893181801,980468750.0,987500000.0,17,531838648.4234688,0.03,50296771.03272727
8,983984375.0,-4501444.893181801,980468750.0,987500000.0,18,497497036.84344554,0.03,50296771.03272727
8,983984375.0,-4501444.893181801,980468750.0,987500000.0,19,462125176.9160216,0.03,50296771.03272728
8,983984375.0,-4501444.893181801,980468750.0,987500000.0,20,425692161.1907749,0.03,50296771.03272734
8,983984375.0,-4501444.893181801,980468750.0,987500000.0,21,388166154.99377084,0.03,50296771.03272727
8,983984375.0,-4501444.893181801,980468750.0,987500000.0,22,349514368.6108568,0.03,50296771.03272732
8,983984375.0,-4501444.893181801,980468750.0,987500000.0,23,309703028.63645554,0.03,50296771.0327273
8,983984375.0,-4501444.893181801,980468750.0,987500000.0,24,268697348.46282196,0.03,50296771.03272732
8,983984375.0,-4501444.893181801,980468750.0,987500000.0,25,226461497.88397932,0.03,50296771.032727264
8,983984375.0,-4501444.893181801,980468750.0,987500000.0,26,182958571.78777146,0.03,50296771.032727316
8,983984375.0,-4501444.893181801,980468750.0,987500000.0,27,138150557.9086771,0.03,50296771.0327273
8,983984375.0,-4501444.893181801,980468750.0,987500000.0,28,91998303.6132102,0.03,50296771.03272731
8,983984375.0,-4501444.893181801,980468750.0,987500000.0,29,44461481.68887949,0.03,50296771.0327273
8,983984375.0,-4501444.893181801,980468750.0,987500000.0,30,-4501444.893181801,0.03,50296771.0327273
9,985742187.5,-234772.58054351807,983984375.0,987500000.0,0,985742187.5,,
9,985742187.5,-234772.58054351807,983984375.0,987500000.0,1,965017682.0922728,0.03,50296771.0327273
9,985742187.5,-234772.58054351807,983984375.0,987500000.0,2,943671441.5223136,0.03,50296771.03272731
9,985742187.5,-234772.58054351807,983984375.0,987500000.0,3,921684813.7352557,0.03,50296771.03272728
9,985742187.5,-234772.58054351807,983984375.0,987500000.0,4,899038587.1145862,0.03,50296771.03272733
9,985742187.5,-234772.58054351807,983984375.0,987500000.0,5,875712973.6952965,0.03,50296771.03272731
9,985742187.5,-234772.58054351807,983984375.0,987500000.0,6,851687591.8734281,0.03,50296771.032727286
9,985742187.5,-234772.58054351807,983984375.0,987500000.0,7,826941448.5969036,0.03,50296771.032727316
9,985742187.5,-234772.58054351807,983984375.0,987500000.0,8,801452921.0220833,0.03,50296771.032727264
9,985742187.5,-234772.58054351807,983984375.0,987500000.0,9,775199737.6200186,0.03,50296771.03272729
9,985742187.5,-234772.58054351807,983984375.0,987500000.0,10,748158958.715892,0.03,50296771.0327273
9,985742187.5,-234772.58054351807,983984375.0,987500000.0,11,720306956.4446412,0.03,50296771.03272727
9,985742187.5,-234772.58054351807,983984375.0,987500000.0,12,691619394.1052533,0.03,50296771.03272731
9,985742187.5,-234772.58054351807,983984375.0,987500000.0,13,662071204.8956836,0.03,50296771.03272733
9,985742187.5,-234772.58054351807,983984375.0,987500000.0,14,631636570.0098269,0.03,50296771.0327273
9,985742187.5,-234772.58054351807,983984375.0,987500000.0,15,600288896.0773945,0.03,50296771.032727286
9,985742187.5,-234772.58054351807,983984375.0,987500000.0,16,568000791.9269892,0.03,50296771.032727264
9,985742187.5,-234772.58054351807,983984375.0,987500000.0,17,534744044.6520715,0.03,50296771.03272727
9,985742187.5,-234772.58054351807,983984375.0,987500000.0,18,500489594.9589062,0.03,50296771.03272727
9,985742187.5,-234772.58054351807,983984375.0,987500000.0,19,465207511.7749462,0.03,50296771.03272728
9,985742187.5,-234772.58054351807,983984375.0,987500000.0,20,428866966.0954673,0.03,50296771.03272734
9,985742187.5,-234772.58054351807,983984375.0,987500000.0,21,391436204.045604,0.03,50296771.03272727
9,985742187.5,-234772.58054351807,983984375.0,987500000.0,22,352882519.1342449,0.03,50296771.03272732
9,985742187.5,-234772.58054351807,983984375.0,987500000.0,23,313172223.6755452,0.03,50296771.0327273
9,985742187.5,-234772.58054351807,983984375.0,987500000.0,24,272270619.3530843,0.03,50296771.03272732
9,985742187.5,-234772.58054351807,983984375.0,987500000.0,25,230141966.90094948,0.03,50296771.032727264
9,985742187.5,-234772.58054351807,983984375.0,987500000.0,26,186749454.87525082,0.03,50296771.032727316
9,985742187.5,-234772.58054351807,983984375.0,987500000.0,27,142055167.48878098,0.03,50296771.0327273
9,985742187.5,-234772.58054351807,983984375.0,987500000.0,28,96020051.4807167,0.03,50296771.03272731
9,985742187.5,-234772.58054351807,983984375.0,987500000.0,29,48603881.99241161,0.03,50296771.0327273
9,985742187.5,-234772.58054351807,983984375.0,987500000.0,30,-234772.58054351807,0.03,50296771.0327273
10,986621093.75,1898563.5757751465,985742187.5,987500000.0,0,986621093.75,,
10,986621093.75,1898563.5757751465,985742187.5,987500000.0,1,965922955.5297728,0.03,50296771.0327273
10,986621093.75,1898563.5757751465,985742187.5,987500000.0,2,944603873.1629386,0.03,50296771.03272731
10,986621093.75,1898563.5757751465,985742187.5,987500000.0,3,922645218.3250995,0.03,50296771.03272728
10,986621093.75,1898563.5757751465,985742187.5,987500000.0,4,900027803.8421253,0.03,50296771.03272733
10,986621093.75,1898563.5757751465,985742187.5,987500000.0,5,876731866.9246616,0.03,50296771.03272731
10,986621093.75,1898563.5757751465,985742187.5,987500000.0,6,852737051.8996742,0.03,50296771.032727286
10,986621093.75,1898563.5757751465,985742187.5,987500000.0,7,828022392.4239371,0.03,50296771.032727316
10,986621093.75,1898563.5757751465,985742187.5,987500000.0,8,802566293.163928,0.03,50296771.032727264
10,986621093.75,1898563.5757751465,985742187.5,987500000.0,9,776346510.9261185,0.03,50296771.03272729
10,986621093.75,1898563.5757751465,985742187.5,987500000.0,10,749340135.2211748,0.03,50296771.0327273
10,986621093.75,1898563.5757751465,985742187.5,987500000.0,11,721523568.2450827,0.03,50296771.03272727
10,986621093.75,1898563.5757751465,985742187.5,987500000.0,12,692872504.2597078,0.03,50296771.03272731
10,986621093.75,1898563.5757751465,985742187.5,987500000.0,13,663361908.354772,0.03,50296771.03272733
10,986621093.75,1898563.5757751465,985742187.5,987500000.0,14,632965994.5726879,0.03,50296771.0327273
10,986621093.75,1898563.5757751465,985742187.5,987500000.0,15,601658203.3771412,0.03,50296771.032727286
10,986621093.75,1898563.5757751465,985742187.5,987500000.0,16,569411178.4457282,0.03,50296771.032727264
10,986621093.75,1898563.5757751465,985742187.5,987500000.0,17,536196742.7663729,0.03,50296771.03272727
10,986621093.75,1898563.5757751465,985742187.5,987500000.0,18,501985874.0166366,0.03,50296771.03272727
10,986621093.75,1898563.5757751465,985742187.5,987500000.0,19,466748679.2044084,0.03,50296771.03272728
10,986621093.75,1898563.5757751465,985742187.5,987500000.0,20,430454368.5478134,0.03,50296771.03272734
10,986621093.75,1898563.5757751465,985742187.5,987500000.0,21,393071228.57152057,0.03,50296771.03272727
10,986621093.75,1898563.5757751465,985742187.5,987500000.0,22,354566594.3959391,0.03,50296771.03272732
10,986621093.75,1898563.5757751465,985742187.5,987500000.0,23,314906821.19509006,0.03,50296771.0327273
10,986621093.75,1898563.5757751465,985742187.5,987500000.0,24,274057254.7982154,0.03,50296771.03272732
10,986621093.75,1898563.5757751465,985742187.5,987500000.0,25,231982201.4094348,0.03,50296771.032727264
10,986621093.75,1898563.5757751465,985742187.5,987500000.0,26,188644896.4189906,0.03,50296771.032727316
10,986621093.75,1898563.5757751465,985742187.5,987500000.0,27,144007472.2788329,0.03,50296771.0327273
10,986621093.75,1898563.5757751465,985742187.5,987500000.0,28,98030925.4144702,0.03,50296771.03272731
10,986621093.75,1898563.5757751465,985742187.5,987500000.0,29,50675082.14417744,0.03,50296771.0327273
10,986621093.75,1898563.5757751465,985742187.5,987500000.0,30,1898563.5757751465,0.03,50296771.0327273
11,986181640.625,831895.4976158142,985742187.5,986621093.75,0,986181640.625,,
11,986181640.625,831895.4976158142,985742187.5,986621093.75,1,965470318.8110228,0.03,50296771.0327273
11,986181640.625,831895.4976158142,985742187.5,986621093.75,2,944137657.3426261,0.03,50296771.03272731
11,986181640.625,831895.4976158142,985742187.5,986621093.75,3,922165016.0301776,0.03,50296771.03272728
11,986181640.625,831895.4976158142,985742187.5,986621093.75,4,899533195.4783558,0.03,50296771.03272733
11,986181640.625,831895.4976158142,985742187.5,986621093.75,5,876222420.309979,0.03,50296771.03272731
11,986181640.625,831895.4976158142,985742187.5,986621093.75,6,852212321.8865511,0.03,50296771.032727286
11,986181640.625,831895.4976158142,985742187.5,986621093.75,7,827481920.5104203,0.03,50296771.032727316
11,986181640.625,831895.4976158142,985742187.5,986621093.75,8,802009607.0930057,0.03,50296771.032727264
11,986181640.625,831895.4976158142,985742187.5,986621093.75,9,775773124.2730685,0.03,50296771.03272729
11,986181640.625,831895.4976158142,985742187.5,986621093.75,10,748749546.9685334,0.03,50296771.0327273
11,986181640.625,831895.4976158142,985742187.5,986621093.75,11,720915262.3448621,0.03,50296771.03272727
11,986181640.625,831895.4976158142,985742187.5,986621093.75,12,692245949.1824807,0.03,50296771.03272731
11,986181640.625,831895.4976158142,985742187.5,986621093.75,13,662716556.6252278,0.03,50296771.03272733
11,986181640.625,831895.4976158142,985742187.5,986621093.75,14,632301282.2912574,0.03,50296771.0327273
11,986181640.625,831895.4976158142,985742187.5,986621093.75,15,600973549.727268,0.03,50296771.032727286
11,986181640.625,831895.4976158142,985742187.5,986621093.75,16,568705985.1863586,0.03,50296771.032727264
11,986181640.625,831895.4976158142,985742187.5,986621093.75,17,535470393.7092221,0.03,50296771.03272727
11,986181640.625,831895.4976158142,985742187.5,986621093.75,18,501237734.4877715,0.03,50296771.03272727
11,986181640.625,831895.4976158142,985742187.5,986621093.75,19,465978095.4896774,0.03,50296771.03272728
11,986181640.625,831895.4976158142,985742187.5,986621093.75,20,429660667.32164025,0.03,50296771.03272734
11,986181640.625,831895.4976158142,985742187.5,986621093.75,21,392253716.3085623,0.03,50296771.03272727
11,986181640.625,831895.4976158142,985742187.5,986621093.75,22,353724556.7650919,0.03,50296771.03272732
11,986181640.625,831895.4976158142,985742187.5,986621093.75,23,314039522.43531775,0.03,50296771.0327273
11,986181640.625,831895.4976158142,985742187.5,986621093.75,24,273163937.07565,0.03,50296771.03272732
11,986181640.625,831895.4976158142,985742187.5,986621093.75,25,231062084.15519214,0.03,50296771.032727264
11,986181640.625,831895.4976158142,985742187.5,986621093.75,26,187697175.6471207,0.03,50296771.032727316
11,986181640.625,831895.4976158142,985742187.5,986621093.75,27,143031319.88380718,0.03,50296771.0327273
11,986181640.625,831895.4976158142,985742187.5,986621093.75,28,97025488.44759369,0.03,50296771.03272731
11,986181640.625,831895.4976158142,985742187.5,986621093.75,29,49639482.068294525,0.03,50296771.0327273
11,986181640.625,831895.4976158142,985742187.5,986621093.75,30,831895.4976158142,0.03,50296771.0327273
12,985961914.0625,298561.4585361481,985742187.5,986181640.625,0,985961914.0625,,
12,985961914.0625,298561.4585361481,985742187.5,986181640.625,1,965244000.4516478,0.03,50296771.0327273
12,985961914.0625,298561.4585361481,985742187.5,986181640.625,2,943904549.4324698,0.03,50296771.03272731
12,985961914.0625,298561.4585361481,985742187.5,986181640.625,3,921924914.8827167,0.03,50296771.03272728
12,985961914.0625,298561.4585361481,985742187.5,986181640.625,4,899285891.296471,0.03,50296771.03272733
12,985961914.0625,298561.4585361481,985742187.5,986181640.625,5,875967697.0026376,0.03,50296771.03272731
12,985961914.0625,298561.4585361481,985742187.5,986181640.625,6,851949956.8799896,0.03,50296771.032727286
12,985961914.0625,298561.4585361481,985742187.5,986181640.625,7,827211684.5536618,0.03,50296771.032727316
12,985961914.0625,298561.4585361481,985742187.5,986181640.625,8,801731264.0575445,0.03,50296771.032727264
12,985961914.0625,298561.4585361481,985742187.5,986181640.625,9,775486430.9465436,0.03,50296771.03272729
12,985961914.0625,298561.4585361481,985742187.5,986181640.625,10,748454252.8422126,0.03,50296771.0327273
12,985961914.0625,298561.4585361481,985742187.5,986181640.625,11,720611109.3947517,0.03,50296771.03272727
12,985961914.0625,298561.4585361481,985742187.5,986181640.625,12,691932671.6438669,0.03,50296771.03272731
12,985961914.0625,298561.4585361481,985742187.5,986181640.625,13,662393880.7604557,0.03,50296771.03272733
12,985961914.0625,298561.4585361481,985742187.5,986181640.625,14,631968926.150542,0.03,50296771.0327273
12,985961914.0625,298561.4585361481,985742187.5,986181640.625,15,600631222.9023311,0.03,50296771.032727286
12,985961914.0625,298561.4585361481,985742187.5,986181640.625,16,568353388.5566739,0.03,50296771.032727264
12,985961914.0625,298561.4585361481,985742187.5,986181640.625,17,535107219.1806469,0.03,50296771.03272727
12,985961914.0625,298561.4585361481,985742187.5,986181640.625,18,500863664.72333884,0.03,50296771.03272727
12,985961914.0625,298561.4585361481,985742187.5,986181640.625,19,465592803.6323118,0.03,50296771.03272728
12,985961914.0625,298561.4585361481,985742187.5,986181640.625,20,429263816.7085538,0.03,50296771.03272734
12,985961914.0625,298561.4585361481,985742187.5,986181640.625,21,391844960.17708325,0.03,50296771.03272727
12,985961914.0625,298561.4585361481,985742187.5,986181640.625,22,353303537.9496684,0.03,50296771.03272732
12,985961914.0625,298561.4585361481,985742187.5,986181640.625,23,313605873.05543137,0.03,50296771.0327273
12,985961914.0625,298561.4585361481,985742187.5,986181640.625,24,272717278.21436715,0.03,50296771.03272732
12,985961914.0625,298561.4585361481,985742187.5,986181640.625,25,230602025.52807093,0.03,50296771.032727264
12,985961914.0625,298561.4585361481,985742187.5,986181640.625,26,187223315.26118565,0.03,50296771.032727316
12,985961914.0625,298561.4585361481,985742187.5,986181640.625,27,142543243.68629408,0.03,50296771.0327273
12,985961914.0625,298561.4585361481,985742187.5,986181640.625,28,96522769.9641552,0.03,50296771.03272731
12,985961914.0625,298561.4585361481,985742187.5,986181640.625,29,49121682.03035307,0.03,50296771.0327273
12,985961914.0625,298561.4585361481,985742187.5,986181640.625,30,298561.4585361481,0.03,50296771.0327273
13,985852050.78125,31894.438996315002,985742187.5,985961914.0625,0,985852050.78125,,
13,985852050.78125,31894.438996315002,985742187.5,985961914.0625,1,965130841.2719603,0.03,50296771.0327273
13,985852050.78125,31894.438996315002,985742187.5,985961914.0625,2,943787995.4773917,0.03,50296771.03272731
13,985852050.78125,31894.438996315002,985742187.5,985961914.0625,3,921804864.3089862,0.03,50296771.03272728
13,985852050.78125,31894.438996315002,985742187.5,985961914.0625,4,899162239.2055286,0.03,50296771.03272733
13,985852050.78125,31894.438996315002,985742187.5,985961914.0625,5,875840335.3489671,0.03,50296771.03272731
13,985852050.78125,31894.438996315002,985742187.5,985961914.0625,6,851818774.3767087,0.03,50296771.032727286
13,985852050.78125,31894.438996315002,985742187.5,985961914.0625,7,827076566.5752828,0.03,50296771.032727316
13,985852050.78125,31894.438996315002,985742187.5,985961914.0625,8,801592092.539814,0.03,50296771.032727264
13,985852050.78125,31894.438996315002,985742187.5,985961914.0625,9,775343084.2832812,0.03,50296771.03272729
13,985852050.78125,31894.438996315002,985742187.5,985961914.0625,10,748306605.7790524,0.03,50296771.0327273
13,985852050.78125,31894.438996315002,985742187.5,985961914.0625,11,720459032.9196965,0.03,50296771.03272727
13,985852050.78125,31894.438996315002,985742187.5,985961914.0625,12,691776032.87456,0.03,50296771.03272731
13,985852050.78125,31894.438996315002,985742187.5,985961914.0625,13,662232542.8280696,0.03,50296771.03272733
13,985852050.78125,31894.438996315002,985742187.5,985961914.0625,14,631802748.0801845,0.03,50296771.0327273
13,985852050.78125,31894.438996315002,985742187.5,985961914.0625,15,600460059.4898629,0.03,50296771.032727286
13,985852050.78125,31894.438996315002,985742187.5,985961914.0625,16,568177090.2418314,0.03,50296771.032727264
13,985852050.78125,31894.438996315002,985742187.5,985961914.0625,17,534925631.9163592,0.03,50296771.03272727
13,985852050.78125,31894.438996315002,985742187.5,985961914.0625,18,500676629.8411226,0.03,50296771.03272727
13,985852050.78125,31894.438996315002,985742187.5,985961914.0625,19,465400157.703629,0.03,50296771.03272728
13,985852050.78125,31894.438996315002,985742187.5,985961914.0625,20,429065391.40201044,0.03,50296771.03272734
13,985852050.78125,31894.438996315002,985742187.5,985961914.0625,21,391640582.1113436,0.03,50296771.03272727
13,985852050.78125,31894.438996315002,985742187.5,985961914.0625,22,353093028.54195666,0.03,50296771.03272732
13,985852050.78125,31894.438996315002,985742187.5,985961914.0625,23,313389048.3654883,0.03,50296771.0327273
13,985852050.78125,31894.438996315002,985742187.5,985961914.0625,24,272493948.78372574,0.03,50296771.03272732
13,985852050.78125,31894.438996315002,985742187.5,985961914.0625,25,230371996.2145102,0.03,50296771.032727264
13,985852050.78125,31894.438996315002,985742187.5,985961914.0625,26,186986385.06821823,0.03,50296771.032727316
13,985852050.78125,31894.438996315002,985742187.5,985961914.0625,27,142299205.5875373,0.03,50296771.0327273
13,985852050.78125,31894.438996315002,985742187.5,985961914.0625,28,96271410.72243595,0.03,50296771.03272731
13,985852050.78125,31894.438996315002,985742187.5,985961914.0625,29,48862782.0113821,0.03,50296771.0327273
13,985852050.78125,31894.438996315002,985742187.5,985961914.0625,30,31894.438996315002,0.03,50296771.0327273
14,985797119.140625,-101439.07077360153,985742187.5,985852050.78125,0,985797119.140625,,
14,985797119.140625,-101439.07077360153,985742187.5,985852050.78125,1,965074261.6821165,0.03,50296771.0327273
14,985797119.140625,-101439.07077360153,985742187.5,985852050.78125,2,943729718.4998527,0.03,50296771.03272731
14,985797119.140625,-101439.07077360153,985742187.5,985852050.78125,3,921744839.022121,0.03,50296771.03272728
14,985797119.140625,-101439.07077360153,985742187.5,985852050.78125,4,899100413.1600574,0.03,50296771.03272733
14,985797119.140625,-101439.07077360153,985742187.5,985852050.78125,5,875776654.5221317,0.03,50296771.03272731
14,985797119.140625,-101439.07077360153,985742187.5,985852050.78125,6,851753183.1250684,0.03,50296771.032727286
14,985797119.140625,-101439.07077360153,985742187.5,985852050.78125,7,827009007.5860932,0.03,50296771.032727316
14,985797119.140625,-101439.07077360153,985742187.5,985852050.78125,8,801522506.7809486,0.03,50296771.032727264
14,985797119.140625,-101439.07077360153,985742187.5,985852050.78125,9,775271410.9516498,0.03,50296771.03272729
14,985797119.140625,-101439.07077360153,985742187.5,985852050.78125,10,748232782.2474722,0.03,50296771.0327273
14,985797119.140625,-101439.07077360153,985742187.5,985852050.78125,11,720382994.6821688,0.03,50296771.03272727
14,985797119.140625,-101439.07077360153,985742187.5,985852050.78125,12,691697713.4899067,0.03,50296771.03272731
14,985797119.140625,-101439.07077360153,985742187.5,985852050.78125,13,662151873.8618766,0.03,50296771.03272733
14,985797119.140625,-101439.07077360153,985742187.5,985852050.78125,14,631719659.0450056,0.03,50296771.0327273
14,985797119.140625,-101439.07077360153,985742187.5,985852050.78125,15,600374477.7836287,0.03,50296771.032727286
14,985797119.140625,-101439.07077360153,985742187.5,985852050.78125,16,568088941.0844103,0.03,50296771.032727264
14,985797119.140625,-101439.07077360153,985742187.5,985852050.78125,17,534834838.28421545,0.03,50296771.03272727
14,985797119.140625,-101439.07077360153,985742187.5,985852050.78125,18,500583112.4000144,0.03,50296771.03272727
14,985797119.140625,-101439.07077360153,985742187.5,985852050.78125,19,465303834.7392876,0.03,50296771.03272728
14,985797119.140625,-101439.07077360153,985742187.5,985852050.78125,20,428966178.74873877,0.03,50296771.03272734
14,985797119.140625,-101439.07077360153,985742187.5,985852050.78125,21,391538393.0784738,0.03,50296771.03272727
14,985797119.140625,-101439.07077360153,985742187.5,985852050.78125,22,352987773.8381009,0.03,50296771.03272732
14,985797119.140625,-101439.07077360153,985742187.5,985852050.78125,23,313280636.0205169,0.03,50296771.0327273
14,985797119.140625,-101439.07077360153,985742187.5,985852050.78125,24,272382284.0684049,0.03,50296771.03272732
14,985797119.140625,-101439.07077360153,985742187.5,985852050.78125,25,230256981.55772996,0.03,50296771.032727264
14,985797119.140625,-101439.07077360153,985742187.5,985852050.78125,26,186867919.97173452,0.03,50296771.032727316
14,985797119.140625,-101439.07077360153,985742187.5,985852050.78125,27,142177186.53815937,0.03,50296771.0327273
14,985797119.140625,-101439.07077360153,985742187.5,985852050.78125,28,96145731.10157633,0.03,50296771.03272731
14,985797119.140625,-101439.07077360153,985742187.5,985852050.78125,29,48733332.00189686,0.03,50296771.0327273
14,985797119.140625,-101439.07077360153,985742187.5,985852050.78125,30,-101439.07077360153,0.03,50296771.0327273
15,985824584.9609375,-34772.31588888168,985797119.140625,985852050.78125,0,985824584.9609375,,
15,985824584.9609375,-34772.31588888168,985797119.140625,985852050.78125,1,965102551.4770384,0.03,50296771.0327273
15,985824584.9609375,-34772.31588888168,985797119.140625,985852050.78125,2,943758856.9886222,0.03,50296771.03272731
15,985824584.9609375,-34772.31588888168,985797119.140625,985852050.78125,3,921774851.6655536,0.03,50296771.03272728
15,985824584.9609375,-34772.31588888168,985797119.140625,985852050.78125,4,899131326.182793,0.03,50296771.03272733
15,985824584.9609375,-34772.31588888168,985797119.140625,985852050.78125,5,875808494.9355495,0.03,50296771.03272731
15,985824584.9609375,-34772.31588888168,985797119.140625,985852050.78125,6,851785978.7508886,0.03,50296771.032727286
15,985824584.9609375,-34772.31588888168,985797119.140625,985852050.78125,7,827042787.080688,0.03,50296771.032727316
15,985824584.9609375,-34772.31588888168,985797119.140625,985852050.78125,8,801557299.6603813,0.03,50296771.032727264
15,985824584.9609375,-34772.31588888168,985797119.140625,985852050.78125,9,775307247.6174656,0.03,50296771.03272729
15,985824584.9609375,-34772.31588888168,985797119.140625,985852050.78125,10,748269694.0132622,0.03,50296771.0327273
15,985824584.9609375,-34772.31588888168,985797119.140625,985852050.78125,11,720421013.8009328,0.03,50296771.03272727
15,985824584.9609375,-34772.31588888168,985797119.140625,985852050.78125,12,691736873.1822335,0.03,50296771.03272731
15,985824584.9609375,-34772.31588888168,985797119.140625,985852050.78125,13,662192208.3449732,0.03,50296771.03272733
15,985824584.9609375,-34772.31588888168,985797119.140625,985852050.78125,14,631761203.5625951,0.03,50296771.0327273
15,985824584.9609375,-34772.31588888168,985797119.140625,985852050.78125,15,600417268.6367457,0.03,50296771.032727286
15,985824584.9609375,-34772.31588888168,985797119.140625,985852050.78125,16,568133015.6631209,0.03,50296771.032727264
15,985824584.9609375,-34772.31588888168,985797119.140625,985852050.78125,17,534880235.1002872,0.03,50296771.03272727
15,985824584.9609375,-34772.31588888168,985797119.140625,985852050.78125,18,500629871.1205685,0.03,50296771.03272727
15,985824584.9609375,-34772.31588888168,985797119.140625,985852050.78125,19,465351996.2214582,0.03,50296771.03272728
15,985824584.9609375,-34772.31588888168,985797119.140625,985852050.78125,20,429015785.0753746,0.03,50296771.03272734
15,985824584.9609375,-34772.31588888168,985797119.140625,985852050.78125,21,391589487.5949087,0.03,50296771.03272727
15,985824584.9609375,-34772.31588888168,985797119.140625,985852050.78125,22,353040401.1900289,0.03,50296771.03272732
15,985824584.9609375,-34772.31588888168,985797119.140625,985852050.78125,23,313334842.19300246,0.03,50296771.0327273
15,985824584.9609375,-34772.31588888168,985797119.140625,985852050.78125,24,272438116.42606544,0.03,50296771.03272732
15,985824584.9609375,-34772.31588888168,985797119.140625,985852050.78125,25,230314488.88612008,0.03,50296771.032727264
15,985824584.9609375,-34772.31588888168,985797119.140625,985852050.78125,26,186927152.51997638,0.03,50296771.032727316
15,985824584.9609375,-34772.31588888168,985797119.140625,985852050.78125,27,142238196.06284857,0.03,50296771.0327273
15,985824584.9609375,-34772.31588888168,985797119.140625,985852050.78125,28,96208570.91200638,0.03,50296771.03272731
15,985824584.9609375,-34772.31588888168,985797119.140625,985852050.78125,29,48798057.00663948,0.03,50296771.0327273
15,985824584.9609375,-34772.31588888168,985797119.140625,985852050.78125,30,-34772.31588888168,0.03,50296771.0327273
16,985838317.8710938,-1438.938446521759,985824584.9609375,985852050.78125,0,985838317.8710938,,
16,985838317.8710938,-1438.938446521759,985824584.9609375,985852050.78125,1,965116696.3744993,0.03,50296771.0327273
16,985838317.8710938,-1438.938446521759,985824584.9609375,985852050.78125,2,943773426.233007,0.03,50296771.03272731
16,985838317.8710938,-1438.938446521759,985824584.9609375,985852050.78125,3,921789857.9872699,0.03,50296771.03272728
16,985838317.8710938,-1438.938446521759,985824584.9609375,985852050.78125,4,899146782.6941608,0.03,50296771.03272733
16,985838317.8710938,-1438.938446521759,985824584.9609375,985852050.78125,5,875824415.1422582,0.03,50296771.03272731
16,985838317.8710938,-1438.938446521759,985824584.9609375,985852050.78125,6,851802376.5637987,0.03,50296771.032727286
16,985838317.8710938,-1438.938446521759,985824584.9609375,985852050.78125,7,827059676.8279853,0.03,50296771.032727316
16,985838317.8710938,-1438.938446521759,985824584.9609375,985852050.78125,8,801574696.1000977,0.03,50296771.032727264
16,985838317.8710938,-1438.938446521759,985824584.9609375,985852050.78125,9,775325165.9503733,0.03,50296771.03272729
16,985838317.8710938,-1438.938446521759,985824584.9609375,985852050.78125,10,748288149.8961571,0.03,50296771.0327273
16,985838317.8710938,-1438.938446521759,985824584.9609375,985852050.78125,11,720440023.3603147,0.03,50296771.03272727
16,985838317.8710938,-1438.938446521759,985824584.9609375,985852050.78125,12,691756453.0283967,0.03,50296771.03272731
16,985838317.8710938,-1438.938446521759,985824584.9609375,985852050.78125,13,662212375.5865215,0.03,50296771.03272733
16,985838317.8710938,-1438.938446521759,985824584.9609375,985852050.78125,14,631781975.8213897,0.03,50296771.0327273
16,985838317.8710938,-1438.938446521759,985824584.9609375,985852050.78125,15,600438664.0633042,0.03,50296771.032727286
16,985838317.8710938,-1438.938446521759,985824584.9609375,985852050.78125,16,568155052.9524761,0.03,50296771.032727264
16,985838317.8710938,-1438.938446521759,985824584.9609375,985852050.78125,17,534902933.5083232,0.03,50296771.03272727
16,985838317.8710938,-1438.938446521759,985824584.9609375,985852050.78125,18,500653250.48084545,0.03,50296771.03272727
16,985838317.8710938,-1438.938446521759,985824584.9609375,985852050.78125,19,465376076.9625437,0.03,50296771.03272728
16,985838317.8710938,-1438.938446521759,985824584.9609375,985852050.78125,20,429040588.2386925,0.03,50296771.03272734
16,985838317.8710938,-1438.938446521759,985824584.9609375,985852050.78125,21,391615034.85312605,0.03,50296771.03272727
16,985838317.8710938,-1438.938446521759,985824584.9609375,985852050.78125,22,353066714.8659928,0.03,50296771.03272732
16,985838317.8710938,-1438.938446521759,985824584.9609375,985852050.78125,23,313361945.2792454,0.03,50296771.0327273
16,985838317.8710938,-1438.938446521759,985824584.9609375,985852050.78125,24,272466032.6048956,0.03,50296771.03272732
16,985838317.8710938,-1438.938446521759,985824584.9609375,985852050.78125,25,230343242.55031514,0.03,50296771.032727264
16,985838317.8710938,-1438.938446521759,985824584.9609375,985852050.78125,26,186956768.79409742,0.03,50296771.032727316
16,985838317.8710938,-1438.938446521759,985824584.9609375,985852050.78125,27,142268700.82519293,0.03,50296771.0327273
16,985838317.8710938,-1438.938446521759,985824584.9609375,985852050.78125,28,96239990.81722116,0.03,50296771.03272731
16,985838317.8710938,-1438.938446521759,985824584.9609375,985852050.78125,29,48830419.50901079,0.03,50296771.0327273
16,985838317.8710938,-1438.938446521759,985824584.9609375,985852050.78125,30,-1438.938446521759,0.03,50296771.0327273
17,985845184.3261719,15227.75027513504,985838317.8710938,985852050.78125,0,985845184.3261719,,
17,985845184.3261719,15227.75027513504,985838317.8710938,985852050.78125,1,965123768.8232298,0.03,50296771.0327273
17,985845184.3261719,15227.75027513504,985838317.8710938,985852050.78125,2,943780710.8551993,0.03,50296771.03272731
17,985845184.3261719,15227.75027513504,985838317.8710938,985852050.78125,3,921797361.148128,0.03,50296771.03272728
17,985845184.3261719,15227.75027513504,985838317.8710938,985852050.78125,4,899154510.9498447,0.03,50296771.03272733
17,985845184.3261719,15227.75027513504,985838317.8710938,985852050.78125,5,875832375.2456126,0.03,50296771.03272731
17,985845184.3261719,15227.75027513504,985838317.8710938,985852050.78125,6,851810575.4702537,0.03,50296771.032727286
17,985845184.3261719,15227.75027513504,985838317.8710938,985852050.78125,7,827068121.7016339,0.03,50296771.032727316
17,985845184.3261719,15227.75027513504,985838317.8710938,985852050.78125,8,801583394.3199558,0.03,50296771.032727264
17,985845184.3261719,15227.75027513504,985838317.8710938,985852050.78125,9,775334125.1168271,0.03,50296771.03272729
17,985845184.3261719,15227.75027513504,985838317.8710938,985852050.78125,10,748297377.8376046,0.03,50296771.0327273
17,985845184.3261719,15227.75027513504,985838317.8710938,985852050.78125,11,720449528.1400055,0.03,50296771.03272727
17,985845184.3261719,15227.75027513504,985838317.8710938,985852050.78125,12,691766242.9514784,0.03,50296771.03272731
17,985845184.3261719,15227.75027513504,985838317.8710938,985852050.78125,13,662222459.2072955,0.03,50296771.03272733
17,985845184.3261719,15227.75027513504,985838317.8710938,985852050.78125,14,631792361.9507871,0.03,50296771.0327273
17,985845184.3261719,15227.75027513504,985838317.8710938,985852050.78125,15,600449361.7765837,0.03,50296771.032727286
17,985845184.3261719,15227.75027513504,985838317.8710938,985852050.78125,16,568166071.5971538,0.03,50296771.032727264
17,985845184.3261719,15227.75027513504,985838317.8710938,985852050.78125,17,534914282.7123413,0.03,50296771.03272727
17,985845184.3261719,15227.75027513504,985838317.8710938,985852050.78125,18,500664940.16098404,0.03,50296771.03272727
17,985845184.3261719,15227.75027513504,985838317.8710938,985852050.78125,19,465388117.33308625,0.03,50296771.03272728
17,985845184.3261719,15227.75027513504,985838317.8710938,985852050.78125,20,429052989.8203516,0.03,50296771.03272734
17,985845184.3261719,15227.75027513504,985838317.8710938,985852050.78125,21,391627808.48223495,0.03,50296771.03272727
17,985845184.3261719,15227.75027513504,985838317.8710938,985852050.78125,22,353079871.7039747,0.03,50296771.03272732
17,985845184.3261719,15227.75027513504,985838317.8710938,985852050.78125,23,313375496.82236695,0.03,50296771.0327273
17,985845184.3261719,15227.75027513504,985838317.8710938,985852050.78125,24,272479990.69431067,0.03,50296771.03272732
17,985845184.3261719,15227.75027513504,985838317.8710938,985852050.78125,25,230357619.38241267,0.03,50296771.032727264
17,985845184.3261719,15227.75027513504,985838317.8710938,985852050.78125,26,186971576.93115783,0.03,50296771.032727316
17,985845184.3261719,15227.75027513504,985838317.8710938,985852050.78125,27,142283953.2063651,0.03,50296771.0327273
17,985845184.3261719,15227.75027513504,985838317.8710938,985852050.78125,28,96255700.7698288,0.03,50296771.03272731
17,985845184.3261719,15227.75027513504,985838317.8710938,985852050.78125,29,48846600.760196686,0.03,50296771.0327273
17,985845184.3261719,15227.75027513504,985838317.8710938,985852050.78125,30,15227.75027513504,0.03,50296771.0327273
18,985841751.0986328,6894.405914306641,985838317.8710938,985845184.3261719,0,985841751.0986328,,
18,985841751.0986328,6894.405914306641,985838317.8710938,985845184.3261719,1,965120232.5988646,0.03,50296771.0327273
18,985841751.0986328,6894.405914306641,985838317.8710938,985845184.3261719,2,943777068.5441031,0.03,50296771.03272731
18,985841751.0986328,6894.405914306641,985838317.8710938,985845184.3261719,3,921793609.567699,0.03,50296771.03272728
18,985841751.0986328,6894.405914306641,985838317.8710938,985845184.3261719,4,899150646.8220028,0.03,50296771.03272733
18,985841751.0986328,6894.405914306641,985838317.8710938,985845184.3261719,5,875828395.1939354,0.03,50296771.03272731
18,985841751.0986328,6894.405914306641,985838317.8710938,985845184.3261719,6,851806476.0170262,0.03,50296771.032727286
18,985841751.0986328,6894.405914306641,985838317.8710938,985845184.3261719,7,827063899.2648096,0.03,50296771.032727316
18,985841751.0986328,6894.405914306641,985838317.8710938,985845184.3261719,8,801579045.2100267,0.03,50296771.032727264
18,985841751.0986328,6894.405914306641,985838317.8710938,985845184.3261719,9,775329645.5336002,0.03,50296771.03272729
18,985841751.0986328,6894.405914306641,985838317.8710938,985845184.3261719,10,748292763.866881,0.03,50296771.0327273
18,985841751.0986328,6894.405914306641,985838317.8710938,985845184.3261719,11,720444775.7501601,0.03,50296771.03272727
18,985841751.0986328,6894.405914306641,985838317.8710938,985845184.3261719,12,691761347.9899377,0.03,50296771.03272731
18,985841751.0986328,6894.405914306641,985838317.8710938,985845184.3261719,13,662217417.3969084,0.03,50296771.03272733
18,985841751.0986328,6894.405914306641,985838317.8710938,985845184.3261719,14,631787168.8860884,0.03,50296771.0327273
18,985841751.0986328,6894.405914306641,985838317.8710938,985845184.3261719,15,600444012.919944,0.03,50296771.032727286
18,985841751.0986328,6894.405914306641,985838317.8710938,985845184.3261719,16,568160562.274815,0.03,50296771.032727264
18,985841751.0986328,6894.405914306641,985838317.8710938,985845184.3261719,17,534908608.11033225,0.03,50296771.03272727
18,985841751.0986328,6894.405914306641,985838317.8710938,985845184.3261719,18,500659095.32091475,0.03,50296771.03272727
18,985841751.0986328,6894.405914306641,985838317.8710938,985845184.3261719,19,465382097.147815,0.03,50296771.03272728
18,985841751.0986328,6894.405914306641,985838317.8710938,985845184.3261719,20,429046789.0295222,0.03,50296771.03272734
18,985841751.0986328,6894.405914306641,985838317.8710938,985845184.3261719,21,391621421.6676805,0.03,50296771.03272727
18,985841751.0986328,6894.405914306641,985838317.8710938,985845184.3261719,22,353073293.28498363,0.03,50296771.03272732
18,985841751.0986328,6894.405914306641,985838317.8710938,985845184.3261719,23,313368721.0508063,0.03,50296771.0327273
18,985841751.0986328,6894.405914306641,985838317.8710938,985845184.3261719,24,272473011.6496031,0.03,50296771.03272732
18,985841751.0986328,6894.405914306641,985838317.8710938,985845184.3261719,25,230350430.9663639,0.03,50296771.032727264
18,985841751.0986328,6894.405914306641,985838317.8710938,985845184.3261719,26,186964172.8626275,0.03,50296771.032727316
18,985841751.0986328,6894.405914306641,985838317.8710938,985845184.3261719,27,142276327.01577902,0.03,50296771.0327273
18,985841751.0986328,6894.405914306641,985838317.8710938,985845184.3261719,28,96247845.79352474,0.03,50296771.03272731
18,985841751.0986328,6894.405914306641,985838317.8710938,985845184.3261719,29,48838510.1346035,0.03,50296771.0327273
18,985841751.0986328,6894.405914306641,985838317.8710938,985845184.3261719,30,6894.405914306641,0.03,50296771.0327273
19,985840034.4848633,2727.7337341308594,985838317.8710938,985841751.0986328,0,985840034.4848633,,
19,985840034.4848633,2727.7337341308594,985838317.8710938,985841751.0986328,1,965118464.4866819,0.03,50296771.0327273
19,985840034.4848633,2727.7337341308594,985838317.8710938,985841751.0986328,2,943775247.388555,0.03,50296771.03272731
19,985840034.4848633,2727.7337341308594,985838317.8710938,985841751.0986328,3,921791733.7774844,0.03,50296771.03272728
19,985840034.4848633,2727.7337341308594,985838317.8710938,985841751.0986328,4,899148714.7580818,0.03,50296771.03272733
19,985840034.4848633,2727.7337341308594,985838317.8710938,985841751.0986328,5,875826405.1680968,0.03,50296771.03272731
19,985840034.4848633,2727.7337341308594,985838317.8710938,985841751.0986328,6,851804426.2904124,0.03,50296771.032727286
19,985840034.4848633,2727.7337341308594,985838317.8710938,985841751.0986328,7,827061788.0463974,0.03,50296771.032727316
19,985840034.4848633,2727.7337341308594,985838317.8710938,985841751.0986328,8,801576870.6550622,0.03,50296771.032727264
19,985840034.4848633,2727.7337341308594,985838317.8710938,985841751.0986328,9,775327405.7419869,0.03,50296771.03272729
19,985840034.4848633,2727.7337341308594,985838317.8710938,985841751.0986328,10,748290456.8815192,0.03,50296771.0327273
19,985840034.4848633,2727.7337341308594,985838317.8710938,985841751.0986328,11,720442399.5552374,0.03,50296771.03272727
19,985840034.4848633,2727.7337341308594,985838317.8710938,985841751.0986328,12,691758900.5091671,0.03,50296771.03272731
19,985840034.4848633,2727.7337341308594,985838317.8710938,985841751.0986328,13,662214896.4917148,0.03,50296771.03272733
19,985840034.4848633,2727.7337341308594,985838317.8710938,985841751.0986328,14,631784572.353739,0.03,50296771.0327273
19,985840034.4848633,2727.7337341308594,985838317.8710938,985841751.0986328,15,600441338.4916241,0.03,50296771.032727286
19,985840034.4848633,2727.7337341308594,985838317.8710938,985841751.0986328,16,568157807.6136457,0.03,50296771.032727264
19,985840034.4848633,2727.7337341308594,985838317.8710938,985841751.0986328,17,534905770.80932784,0.03,50296771.03272727
19,985840034.4848633,2727.7337341308594,985838317.8710938,985841751.0986328,18,500656172.9008801,0.03,50296771.03272727
19,985840034.4848633,2727.7337341308594,985838317.8710938,985841751.0986328,19,465379087.05517936,0.03,50296771.03272728
19,985840034.4848633,2727.7337341308594,985838317.8710938,985841751.0986328,20,429043688.63410735,0.03,50296771.03272734
19,985840034.4848633,2727.7337341308594,985838317.8710938,985841751.0986328,21,391618228.2604034,0.03,50296771.03272727
19,985840034.4848633,2727.7337341308594,985838317.8710938,985841751.0986328,22,353070004.0754883,0.03,50296771.03272732
19,985840034.4848633,2727.7337341308594,985838317.8710938,985841751.0986328,23,313365333.1650257,0.03,50296771.0327273
19,985840034.4848633,2727.7337341308594,985838317.8710938,985841751.0986328,24,272469522.12724924,0.03,50296771.03272732
19,985840034.4848633,2727.7337341308594,985838317.8710938,985841751.0986328,25,230346836.7583394,0.03,50296771.032727264
19,985840034.4848633,2727.7337341308594,985838317.8710938,985841751.0986328,26,186960470.82836246,0.03,50296771.032727316
19,985840034.4848633,2727.7337341308594,985838317.8710938,985841751.0986328,27,142272513.92048597,0.03,50296771.0327273
19,985840034.4848633,2727.7337341308594,985838317.8710938,985841751.0986328,28,96243918.30537319,0.03,50296771.03272731
19,985840034.4848633,2727.7337341308594,985838317.8710938,985841751.0986328,29,48834464.821807384,0.03,50296771.0327273
19,985840034.4848633,2727.7337341308594,985838317.8710938,985841751.0986328,30,2727.7337341308594,0.03,50296771.0327273
20,985839176.1779785,644.3976440429688,985838317.8710938,985840034.4848633,0,985839176.1779785,,
20,985839176.1779785,644.3976440429688,985838317.8710938,985840034.4848633,1,965117580.4305906,0.03,50296771.0327273
20,985839176.1779785,644.3976440429688,985838317.8710938,985840034.4848633,2,943774336.810781,0.03,50296771.03272731
20,985839176.1779785,644.3976440429688,985838317.8710938,985840034.4848633,3,921790795.8823771,0.03,50296771.03272728
20,985839176.1779785,644.3976440429688,985838317.8710938,985840034.4848633,4,899147748.7261213,0.03,50296771.03272733
20,985839176.1779785,644.3976440429688,985838317.8710938,985840034.4848633,5,875825410.1551776,0.03,50296771.03272731
20,985839176.1779785,644.3976440429688,985838317.8710938,985840034.4848633,6,851803401.4271057,0.03,50296771.032727286
20,985839176.1779785,644.3976440429688,985838317.8710938,985840034.4848633,7,827060732.4371915,0.03,50296771.032727316
20,985839176.1779785,644.3976440429688,985838317.8710938,985840034.4848633,8,801575783.3775799,0.03,50296771.032727264
20,985839176.1779785,644.3976440429688,985838317.8710938,985840034.4848633,9,775326285.8461801,0.03,50296771.03272729
20,985839176.1779785,644.3976440429688,985838317.8710938,985840034.4848633,10,748289303.3888382,0.03,50296771.0327273
20,985839176.1779785,644.3976440429688,985838317.8710938,985840034.4848633,11,720441211.457776,0.03,50296771.03272727
20,985839176.1779785,644.3976440429688,985838317.8710938,985840034.4848633,12,691757676.768782,0.03,50296771.03272731
20,985839176.1779785,644.3976440429688,985838317.8710938,985840034.4848633,13,662213636.0391182,0.03,50296771.03272733
20,985839176.1779785,644.3976440429688,985838317.8710938,985840034.4848633,14,631783274.0875645,0.03,50296771.0327273
20,985839176.1779785,644.3976440429688,985838317.8710938,985840034.4848633,15,600440001.2774642,0.03,50296771.032727286
20,985839176.1779785,644.3976440429688,985838317.8710938,985840034.4848633,16,568156430.2830609,0.03,50296771.032727264
20,985839176.1779785,644.3976440429688,985838317.8710938,985840034.4848633,17,534904352.1588254,0.03,50296771.03272727
20,985839176.1779785,644.3976440429688,985838317.8710938,985840034.4848633,18,500654711.6908629,0.03,50296771.03272727
20,985839176.1779785,644.3976440429688,985838317.8710938,985840034.4848633,19,465377582.00886154,0.03,50296771.03272728
20,985839176.1779785,644.3976440429688,985838317.8710938,985840034.4848633,20,429042138.43639994,0.03,50296771.03272734
20,985839176.1779785,644.3976440429688,985838317.8710938,985840034.4848633,21,391616631.5567646,0.03,50296771.03272727
20,985839176.1779785,644.3976440429688,985838317.8710938,985840034.4848633,22,353068359.47074056,0.03,50296771.03272732
20,985839176.1779785,644.3976440429688,985838317.8710938,985840034.4848633,23,313363639.22213554,0.03,50296771.0327273
20,985839176.1779785,644.3976440429688,985838317.8710938,985840034.4848633,24,272467777.3660724,0.03,50296771.03272732
20,985839176.1779785,644.3976440429688,985838317.8710938,985840034.4848633,25,230345039.6543274,0.03,50296771.032727264
20,985839176.1779785,644.3976440429688,985838317.8710938,985840034.4848633,26,186958619.81122994,0.03,50296771.032727316
20,985839176.1779785,644.3976440429688,985838317.8710938,985840034.4848633,27,142270607.37283945,0.03,50296771.0327273
20,985839176.1779785,644.3976440429688,985838317.8710938,985840034.4848633,28,96241954.56129694,0.03,50296771.03272731
20,985839176.1779785,644.3976440429688,985838317.8710938,985840034.4848633,29,48832442.16540909,0.03,50296771.0327273
20,985839176.1779785,644.3976440429688,985838317.8710938,985840034.4848633,30,644.3976440429688,0.03,50296771.0327273
